chromosome;position;reference;alternatives
1,9940917,A,frameshift/stop_gained
1,19234346,G,frameshift/stop_gained
1,58210605,A,frameshift/stop_gained
1,78818130,AC,frameshift/stop_gained
1,86024504,T,frameshift/stop_gained
1,88237917,GT,frameshift/stop_gained
1,132600011,CCCCA,frameshift/stop_gained
1,143701990,GA,frameshift/stop_gained
1,153220060,ATAAT,frameshift/stop_gained
1,171025574,T,frameshift/stop_gained
1,171125925,GT,frameshift/stop_gained
1,171252513,A,frameshift/stop_gained
1,171357796,G,frameshift/stop_gained
1,171896235,TC,frameshift/stop_gained
1,171896489,A,frameshift/stop_gained
1,173270710,TGACATCC,frameshift/stop_gained
1,173522897,C,frameshift/stop_gained
1,173971503,TA,frameshift/stop_gained
1,175978607,A,frameshift/stop_gained
10,6908023,TG,frameshift/stop_gained
10,22148959,AGT,frameshift/stop_gained
10,40603933,TG,frameshift/stop_gained
10,68096997,CCGGCGATCACCAGATCTAAATCCTCCAGG,frameshift/stop_gained
10,68097408,TGG,frameshift/stop_gained
10,68097717,CGATGA,frameshift/stop_gained
10,82652650,C,frameshift/stop_gained
10,93589662,A,frameshift/stop_gained
10,94044322,AT,frameshift/stop_gained
10,94044325,ATT,frameshift/stop_gained
10,94293821,A,frameshift/stop_gained
11,4829930,GAAAA,frameshift/stop_gained
11,18884366,C,frameshift/stop_gained
11,51651118,C,frameshift/stop_gained
11,59056786,TCCCCC,frameshift/stop_gained
11,59161503,C,frameshift/stop_gained
11,65152607,CT,frameshift/stop_gained
11,69072546,TG,frameshift/stop_gained
11,69745673,T,frameshift/stop_gained
11,69943993,GCC,frameshift/stop_gained
11,70650820,C,frameshift/stop_gained
11,70940084,C,frameshift/stop_gained
11,72195712,AAAAGT,frameshift/stop_gained
11,72195764,T,frameshift/stop_gained
11,72309020,G,frameshift/stop_gained
11,78273744,T,frameshift/stop_gained
11,88687463,GCC,frameshift/stop_gained
11,93185186,C,frameshift/stop_gained
11,93185211,A,frameshift/stop_gained
11,102313881,G,frameshift/stop_gained
11,103104106,A,frameshift/stop_gained
11,109418180,T,frameshift/stop_gained
12,10370094,A,frameshift/stop_gained
12,24044847,GACTGA,frameshift/stop_gained
12,24493480,T,frameshift/stop_gained
12,24708920,ACTCT,frameshift/stop_gained
12,34874327,C,frameshift/stop_gained
12,34874427,G,frameshift/stop_gained
12,74315110,GGT,frameshift/stop_gained
12,74316374,GGTGTGTGTGT,frameshift/stop_gained
12,88018691,CA,frameshift/stop_gained
12,104266583,GC,frameshift/stop_gained
12,114880310,G,frameshift/stop_gained
12,115243102,G,frameshift/stop_gained
12,115386995,G,frameshift/stop_gained
12,115808522,AGCTG,frameshift/stop_gained
13,21555524,CCAAACCCTGTGAGCAAGCAGTTATAACCATCTTTATG,frameshift/stop_gained
13,23136719,T,frameshift/stop_gained
13,38022331,C,frameshift/stop_gained
13,59512422,C,frameshift/stop_gained
13,67408273,C,frameshift/stop_gained
13,67792164,C,frameshift/stop_gained
13,89778800,A,frameshift/stop_gained
13,96082222,GT,frameshift/stop_gained
13,96082586,GA,frameshift/stop_gained
13,96083189,AT,frameshift/stop_gained
13,102739167,GCTGT,frameshift/stop_gained
13,119470083,G,frameshift/stop_gained
14,5943835,AC,frameshift/stop_gained
14,7791830,A,frameshift/stop_gained
14,11227873,CG,frameshift/stop_gained
14,13670909,TGCACA,frameshift/stop_gained
14,18215139,T,frameshift/stop_gained
14,34052500,C,frameshift/stop_gained
14,34052597,CCT,frameshift/stop_gained
14,34268333,A,frameshift/stop_gained
14,34511983,AT,frameshift/stop_gained
14,34592789,A,frameshift/stop_gained
14,36095337,CGT,frameshift/stop_gained
14,51039518,A,frameshift/stop_gained
14,51805591,G,frameshift/stop_gained
14,51891584,G,frameshift/stop_gained
14,54632665,ATG,frameshift/stop_gained
14,54648230,CAG,frameshift/stop_gained
14,54976971,GGA,frameshift/stop_gained
14,66917143,GAC,frameshift/stop_gained
14,69776179,G,frameshift/stop_gained
14,79213479,A,frameshift/stop_gained
14,122034922,ATCGACTGGAG,frameshift/stop_gained
15,9100143,TG,frameshift/stop_gained
15,31603450,T,frameshift/stop_gained
15,36308632,CT,frameshift/stop_gained
15,36545983,A,frameshift/stop_gained
15,79255947,T,frameshift/stop_gained
15,82390021,T,frameshift/stop_gained
15,95830033,C,frameshift/stop_gained
16,10790852,C,frameshift/stop_gained
16,32753370,A,frameshift/stop_gained
16,32754166,C,frameshift/stop_gained
16,32755168,AC,frameshift/stop_gained
16,32755176,A,frameshift/stop_gained
16,58824128,T,frameshift/stop_gained
16,77852932,AAAAAG,frameshift/stop_gained
17,6956681,ATC,frameshift/stop_gained
17,7933223,CGA,frameshift/stop_gained
17,13724948,A,frameshift/stop_gained
17,20375749,AT,frameshift/stop_gained
17,20584411,A,frameshift/stop_gained
17,21314191,CTGTG,frameshift/stop_gained
17,23291560,TG,frameshift/stop_gained
17,23945573,ATC,frameshift/stop_gained
17,25125213,A,frameshift/stop_gained
17,29262060,C,frameshift/stop_gained
17,29379052,T,frameshift/stop_gained
17,29970002,CT,frameshift/stop_gained
17,35893027,T,frameshift/stop_gained
17,36120282,GTTTCCCACTGT,frameshift/stop_gained
17,36187313,TC,frameshift/stop_gained
17,36187323,G,frameshift/stop_gained
17,38644690,GT,frameshift/stop_gained
17,83502724,A,frameshift/stop_gained
17,87921276,A,frameshift/stop_gained
18,40257325,T,frameshift/stop_gained
18,49698371,GT,frameshift/stop_gained
18,58103994,C,frameshift/stop_gained
18,70240970,A,frameshift/stop_gained
18,77410647,CCCTGCCTACCTCT,frameshift/stop_gained
18,78350319,G,frameshift/stop_gained
19,7382686,T,frameshift/stop_gained
19,45797037,C,frameshift/stop_gained
19,46081351,GC,frameshift/stop_gained
19,55192663,TC,frameshift/stop_gained
2,67432966,CACAT,frameshift/stop_gained
2,67432989,ATGTGTGTG,frameshift/stop_gained
2,78913749,T,frameshift/stop_gained
2,101797574,CCTCG,frameshift/stop_gained
2,119964962,A,frameshift/stop_gained
2,120027648,CAG,frameshift/stop_gained
2,121014674,AT,frameshift/stop_gained
2,121128591,CA,frameshift/stop_gained
2,121518263,AAC,frameshift/stop_gained
2,126737553,C,frameshift/stop_gained
2,152686233,TTC,frameshift/stop_gained
2,156072026,G,frameshift/stop_gained
2,156857128,G,frameshift/stop_gained
2,164502698,C,frameshift/stop_gained
3,19610495,TA,frameshift/stop_gained
3,34057980,G,frameshift/stop_gained
3,36481849,G,frameshift/stop_gained
3,41742027,AT,frameshift/stop_gained
3,86988353,G,frameshift/stop_gained
3,87750223,T,frameshift/stop_gained
3,93651613,A,frameshift/stop_gained
3,93796880,GA,frameshift/stop_gained
3,96683463,G,frameshift/stop_gained
3,96683515,TC,frameshift/stop_gained
3,103739368,T,frameshift/stop_gained
3,121674109,GA,frameshift/stop_gained
3,121674139,AG,frameshift/stop_gained
3,127096812,CA,frameshift/stop_gained
3,127096854,C,frameshift/stop_gained
3,127546480,TAC,frameshift/stop_gained
3,135318460,G,frameshift/stop_gained
3,138381904,CA,frameshift/stop_gained
3,153789913,G,frameshift/stop_gained
4,44531523,C,frameshift/stop_gained
4,46633683,C,frameshift/stop_gained
4,61674009,AGC,frameshift/stop_gained
4,71756398,C,frameshift/stop_gained
4,92191321,CT,frameshift/stop_gained
4,112773038,AT,frameshift/stop_gained
4,114244816,A,frameshift/stop_gained
4,118726336,C,frameshift/stop_gained
4,118893258,GC,frameshift/stop_gained
4,118916665,AT,frameshift/stop_gained
4,124707663,C,frameshift/stop_gained
4,126180366,TATCACCAGCTGCCTGAG,frameshift/stop_gained
4,126180492,ACCTGT,frameshift/stop_gained
4,129360480,CG,frameshift/stop_gained
4,130055091,G,frameshift/stop_gained
4,134279365,A,frameshift/stop_gained
4,134523200,CT,frameshift/stop_gained
4,134523202,GGA,frameshift/stop_gained
4,141845196,T,frameshift/stop_gained
4,143699177,AG,frameshift/stop_gained
4,143851644,A,frameshift/stop_gained
4,143853002,GC,frameshift/stop_gained
4,148671399,GGGGGGGT,frameshift/stop_gained
4,155645349,CCTTT,frameshift/stop_gained
4,155733871,GA,frameshift/stop_gained
4,155734026,C,frameshift/stop_gained
4,156028474,CCGCA,frameshift/stop_gained
5,9130661,G,frameshift/stop_gained
5,24581813,G,frameshift/stop_gained
5,25220172,AT,frameshift/stop_gained
5,26003532,CT,frameshift/stop_gained
5,30069897,T,frameshift/stop_gained
5,31087554,G,frameshift/stop_gained
5,38300289,TG,frameshift/stop_gained
5,86185264,AC,frameshift/stop_gained
5,92363176,T,frameshift/stop_gained
5,92571674,GTCTC,frameshift/stop_gained
5,109092880,G,frameshift/stop_gained
5,109224476,G,frameshift/stop_gained
5,117319120,A,frameshift/stop_gained
5,118065875,AG,frameshift/stop_gained
5,118065976,C,frameshift/stop_gained
5,124578719,AG,frameshift/stop_gained
5,138290338,C,frameshift/stop_gained
5,145002403,T,frameshift/stop_gained
5,145377331,ATGAAC,frameshift/stop_gained
6,6881593,GGC,frameshift/stop_gained
6,50846753,TC,frameshift/stop_gained
6,52179267,TCC,frameshift/stop_gained
6,56986277,TA,frameshift/stop_gained
6,57036745,C,frameshift/stop_gained
6,57036875,T,frameshift/stop_gained
6,57432600,T,frameshift/stop_gained
6,72309802,TG,frameshift/stop_gained
6,85933202,GC,frameshift/stop_gained
6,90345403,GT,frameshift/stop_gained
6,128888076,T,frameshift/stop_gained
6,140028560,T,frameshift/stop_gained
6,146576448,A,frameshift/stop_gained
6,146585818,G,frameshift/stop_gained
6,147075711,T,frameshift/stop_gained
7,12977947,A,frameshift/stop_gained
7,13260898,AG,frameshift/stop_gained
7,21012043,GC,frameshift/stop_gained
7,22790538,G,frameshift/stop_gained
7,25882206,CG,frameshift/stop_gained
7,29198333,A,frameshift/stop_gained
7,31264592,GA,frameshift/stop_gained
7,32211082,TCCAGTCACCAGCAAGC,frameshift/stop_gained
7,33173801,TCCAGTCACCAGCAAGC,frameshift/stop_gained
7,44250745,G,frameshift/stop_gained
7,44251305,GCC,frameshift/stop_gained
7,47189421,AC,frameshift/stop_gained
7,48168776,G,frameshift/stop_gained
7,51965343,CTG,frameshift/stop_gained
7,64217732,C,frameshift/stop_gained
7,66365913,GTCTCTGTCTC,frameshift/stop_gained
7,78775461,AGGCAGCT,frameshift/stop_gained
7,79694311,A,frameshift/stop_gained
7,79694314,A,frameshift/stop_gained
7,85411475,TG,frameshift/stop_gained
7,85875937,AT,frameshift/stop_gained
7,86268805,GT,frameshift/stop_gained
7,86795250,ACTAT,frameshift/stop_gained
7,99767975,TA,frameshift/stop_gained
7,99767980,T,frameshift/stop_gained
7,101554979,AG,frameshift/stop_gained
7,102535679,A,frameshift/stop_gained
7,102804420,CA,frameshift/stop_gained
7,103682719,GATGACAAC,frameshift/stop_gained
7,103682948,ATCTT,frameshift/stop_gained
7,104357175,A,frameshift/stop_gained
7,104357324,T,frameshift/stop_gained
7,106927268,TAAGGAAA,frameshift/stop_gained
7,107590404,AT,frameshift/stop_gained
7,128246891,CG,frameshift/stop_gained
7,139216867,CA,frameshift/stop_gained
7,139923776,TC,frameshift/stop_gained
8,3457247,T,frameshift/stop_gained
8,3748356,CA,frameshift/stop_gained
8,4348560,C,frameshift/stop_gained
8,18652562,TC,frameshift/stop_gained
8,26162481,C,frameshift/stop_gained
8,26162603,TC,frameshift/stop_gained
8,33889649,AG,frameshift/stop_gained
8,40898920,C,frameshift/stop_gained
8,45935031,T,frameshift/stop_gained
8,70863765,ACC,frameshift/stop_gained
8,70863900,T,frameshift/stop_gained
8,70932144,C,frameshift/stop_gained
8,75001019,CT,frameshift/stop_gained
8,84913127,C,frameshift/stop_gained
8,93068190,A,frameshift/stop_gained
8,99024868,A,frameshift/stop_gained
8,104182033,TC,frameshift/stop_gained
8,107061594,T,frameshift/stop_gained
8,114133647,AG,frameshift/stop_gained
8,125135466,AACCAGGCTCCCTTCCAGGTGGAGCC,frameshift/stop_gained
9,41161428,TC,frameshift/stop_gained
9,44435211,C,frameshift/stop_gained
9,45107671,AG,frameshift/stop_gained
9,45107724,TG,frameshift/stop_gained
9,45110003,A,frameshift/stop_gained
9,45110059,A,frameshift/stop_gained
9,57242203,GCTCCTGTGTCTGTC,frameshift/stop_gained
9,65280130,TG,frameshift/stop_gained
9,66798490,CA,frameshift/stop_gained
9,71162477,CAAACAAAT,frameshift/stop_gained
9,72472608,TTCTC,frameshift/stop_gained
9,75388257,T,frameshift/stop_gained
9,87040405,T,frameshift/stop_gained
9,105878590,CA,frameshift/stop_gained
9,106157669,C,frameshift/stop_gained
9,107782757,TGTGC,frameshift/stop_gained
X,136733908,GA,frameshift/stop_gained
